"Time", "Calcium"
0.45, 0.387543[0.240605]
1.3,	   1.12477[0.339691]
2.4,	   1.39988[0.178171]
4,	     2.76887[0.177225]
6.1,	   2.95241[0.149298]
8.05,	 3.48002[0.255974]
11.15,	 3.64876[0.602429]
13.15,	 4.69934[0.254395]
15,	   3.7264[0.218169]
